epoch,train_loss,eval_loss,eval_f1_micro,learning_rate
1,,0.205598,0.526679,
2,,0.202599,0.554815,
3,0.204000,0.207533,0.566261,
4,0.204000,0.235724,0.574529,
5,0.113900,0.293072,0.561856,
6,0.113900,0.338845,0.560817,
7,0.029600,0.351452,0.569624,
8,0.029600,0.358380,0.566081,

